id;name;description;crea_date;update_date;expire_date;notes
1;upward;unless;2025-03-21;2025-03-21;2025-03-20;how essence
2;atop;until whoever;2025-03-21;2025-03-21;2025-03-21;when since hope
3;shore consequently underneath;overproduce devise;2025-03-21;2025-03-21;2025-03-21;pfft pantyhose after
4;fully boo whoever;seldom rusty duh;2025-03-20;2025-03-20;2025-03-20;uncover best
5;upside-down duh;since inside;2025-03-21;2025-03-20;2025-03-21;whoever
6;atop;while print neatly;2025-03-21;2025-03-20;2025-03-21;kindly
7;aha general after;fibre premeditation plump;2025-03-21;2025-03-21;2025-03-20;um
8;folklore wombat oof;after yippee absent;2025-03-21;2025-03-20;2025-03-21;monstrous valiantly rekindle
9;circa gosh drat;who aw;2025-03-20;2025-03-21;2025-03-20;physical because
10;scrutinise hungrily;excluding fen back;2025-03-20;2025-03-20;2025-03-21;mesh
