id;certification;certification_date;crea_date;update_date;notes
1;what;2025-03-20;2025-03-21;2025-03-21;boohoo yowza
2;violin;2025-03-20;2025-03-20;2025-03-20;within since upside-down
3;sympathetically fantastic eke;2025-03-20;2025-03-21;2025-03-21;sequester
4;sleepily;2025-03-21;2025-03-20;2025-03-21;far reward beloved
5;pace brown;2025-03-20;2025-03-21;2025-03-20;what
6;oh now;2025-03-20;2025-03-20;2025-03-21;disk ouch
7;wherever;2025-03-21;2025-03-20;2025-03-20;when fooey neglected
8;gah;2025-03-20;2025-03-20;2025-03-21;bind skean ew
9;amid;2025-03-20;2025-03-21;2025-03-20;while derby
10;hidden signature archive;2025-03-20;2025-03-20;2025-03-21;fully
