id;level;crea_date;update_date;notes
1;folklore muddy inside;2025-03-21;2025-03-20;questioningly
2;failing;2025-03-20;2025-03-21;internal about
3;where secret tensely;2025-03-20;2025-03-21;instead versus
4;meh;2025-03-20;2025-03-20;slipper
5;cod buck;2025-03-20;2025-03-20;underneath helplessly follower
6;remand absolve gah;2025-03-21;2025-03-21;gum hence shanghai
7;midst of;2025-03-20;2025-03-20;splosh yum yahoo
8;charm vague;2025-03-20;2025-03-21;nicely
9;as;2025-03-21;2025-03-20;accidentally
10;furthermore gee kiddingly;2025-03-20;2025-03-20;yowza help
