id;type;crea_date;update_date;notes
1;unless;2025-03-20;2025-03-20;though
2;aboard duh;2025-03-20;2025-03-21;until since emerge
3;beneath;2025-03-20;2025-03-20;legal
4;pecan following overtrain;2025-03-20;2025-03-21;stint brr heavily
5;kit negative;2025-03-21;2025-03-21;given jury courtroom
6;painfully appliance;2025-03-21;2025-03-21;buck alarmed
7;gee;2025-03-21;2025-03-21;since
8;advanced yum;2025-03-21;2025-03-20;spattering understanding fantastic
9;owlishly ouch;2025-03-21;2025-03-21;thrifty hose upward
10;brood a speedily;2025-03-21;2025-03-21;lest around pace
