id;code;customisation_description;crea_date;update_date;notes
1;phew director;inasmuch provided;2025-03-20;2025-03-21;than
2;lest ah so;hasty where helpfully;2025-03-21;2025-03-21;yum
3;wasteful from within;psst unexpectedly nab;2025-03-20;2025-03-21;um reluctantly colorfully
4;immediately;rawhide;2025-03-21;2025-03-20;supposing vivid
5;brr;stylish;2025-03-20;2025-03-21;boohoo confirm
6;tomorrow until forenenst;abnormally;2025-03-20;2025-03-21;mealy meh enlist
7;till unless considerate;supposing lest shoot;2025-03-20;2025-03-21;the gosh huzzah
8;discourse;the;2025-03-20;2025-03-21;ew next
9;authorized behind;consequently wherever;2025-03-20;2025-03-20;psst countess
10;folklore;scare knight;2025-03-21;2025-03-20;provided
