id;customisation_description;crea_date;update_date;notes
1;zowie yowza infamous;2025-03-21;2025-03-21;while reward
2;apud;2025-03-20;2025-03-20;dead fondly
3;damaged;2025-03-20;2025-03-21;meh sonnet reapply
4;hastily;2025-03-21;2025-03-20;yearn grounded
5;weakly operating;2025-03-21;2025-03-20;obnoxiously famously mediocre
6;meaty make;2025-03-20;2025-03-20;stingy painfully pish
7;following opposite;2025-03-20;2025-03-20;whack derby
8;cheap boohoo;2025-03-20;2025-03-21;presell but
9;smoggy marimba freely;2025-03-20;2025-03-20;entice
10;bah daughter;2025-03-20;2025-03-20;zowie sophisticated
