id;name;crea_date;update_date;notes
1;left enrich despite;2025-03-20;2025-03-21;strait amend
2;after disbar torn;2025-03-21;2025-03-21;judgementally fiercely
3;impractical restfully at;2025-03-20;2025-03-21;across swiftly
4;even;2025-03-20;2025-03-20;yuck instead
5;up;2025-03-21;2025-03-20;piglet aha short-term
6;grim deflect;2025-03-21;2025-03-21;which ugh stack
7;sympathetically yum babyish;2025-03-21;2025-03-20;puzzled
8;duffel factorise because;2025-03-20;2025-03-21;terribly
9;hm brightly;2025-03-21;2025-03-20;wetly
10;truly incidentally;2025-03-21;2025-03-20;deduct
