id;name;notes;crea_date;update_date
1;stealthily amid mystify;fragrant yet what;2025-03-21;2025-03-20
2;unsteady humiliating;truthfully wide-eyed;2025-03-21;2025-03-21
3;cutlet yum across;duh;2025-03-20;2025-03-21
4;hmph necklace;underneath furiously;2025-03-20;2025-03-20
5;gloat;hoarse ha utter;2025-03-21;2025-03-21
6;cutlet pilot;taro gee;2025-03-21;2025-03-20
7;swing excepting why;bewail;2025-03-21;2025-03-21
8;underneath pave;fairly prime;2025-03-21;2025-03-21
9;tut after unless;powerfully likely;2025-03-20;2025-03-20
10;ew intently;toward widow memorise;2025-03-21;2025-03-21
